sludinajuma_saite,bilde
/msg/lv/transport/cars/mercedes/a180/bknpde.html,https://i.ss.lv/gallery/6/1195/298681/59736168.th2.jpg
/msg/lv/transport/cars/bmw/x5/bhiljo.html,https://i.ss.lv/gallery/7/1310/327368/65473585.th2.jpg
/msg/lv/transport/cars/lexus/is/dblbx.html,https://i.ss.lv/gallery/7/1257/314207/62841375.th2.jpg
/msg/lv/transport/cars/bmw/320/cdoepj.html,https://i.ss.lv/gallery/7/1319/329516/65903176.th2.jpg
/msg/lv/transport/cars/jeep/wrangler/hojkx.html,https://i.ss.lv/gallery/7/1278/319477/63895310.th2.jpg
/msg/lv/transport/cars/audi/a4/bxoggo.html,https://i.ss.lv/gallery/7/1319/329517/65903228.th2.jpg
/msg/lv/transport/cars/mercedes/c200/bxgoic.html,https://i.ss.lv/gallery/7/1319/329516/65903147.th2.jpg
/msg/lv/transport/cars/volvo/v60/cbnbix.html,https://i.ss.lv/gallery/7/1313/328197/65639361.th2.jpg
/msg/lv/transport/cars/volvo/xc90/cdedgp.html,https://i.ss.lv/gallery/7/1319/329517/65903211.th2.jpg
/msg/lv/transport/cars/bmw/318/benfjo.html,https://i.ss.lv/gallery/7/1319/329517/65903202.th2.jpg
/msg/lv/transport/cars/audi/a4/bioehc.html,https://i.ss.lv/gallery/7/1319/329516/65903055.th2.jpg
/msg/lv/transport/cars/mercedes/viano/cfmoee.html,https://i.ss.lv/gallery/7/1318/329500/65899954.th2.jpg
/msg/lv/transport/cars/audi/a4/bihhlf.html,https://i.ss.lv/gallery/7/1314/328289/65657786.th2.jpg
/msg/lv/transport/cars/peugeot/partner/bixmif.html,https://i.ss.lv/gallery/7/1318/329500/65899990.th2.jpg
/msg/lv/transport/cars/toyota/previa/bpeid.html,https://i.ss.lv/gallery/7/1319/329516/65903163.th2.jpg
/msg/lv/transport/cars/mercedes/e220/bjnfog.html,https://i.ss.lv/gallery/7/1319/329516/65903104.th2.jpg
/msg/lv/transport/cars/volkswagen/golf-5/bimell.html,https://i.ss.lv/gallery/7/1318/329500/65899973.th2.jpg
/msg/lv/transport/cars/volkswagen/sharan/fbnpc.html,https://i.ss.lv/gallery/7/1319/329513/65902598.th2.jpg
/msg/lv/transport/cars/volkswagen/polo/bioopl.html,https://i.ss.lv/gallery/7/1319/329516/65903051.th2.jpg
/msg/lv/transport/cars/volkswagen/jetta/llidl.html,https://i.ss.lv/gallery/7/1319/329507/65901351.th2.jpg
/msg/lv/transport/cars/audi/a4/bjbknk.html,https://i.ss.lv/gallery/7/1319/329516/65903013.th2.jpg
/msg/lv/transport/cars/audi/a6/bkgebx.html,https://i.ss.lv/gallery/7/1319/329515/65902955.th2.jpg
/msg/lv/transport/cars/volkswagen/golf-7/cdkmpj.html,https://i.ss.lv/gallery/7/1319/329515/65902988.th2.jpg
/msg/lv/transport/cars/volvo/xc60/cdgdol.html,https://i.ss.lv/gallery/7/1313/328060/65611866.th2.jpg
/msg/lv/transport/cars/opel/astra/bdfplm.html,https://i.ss.lv/gallery/7/1319/329515/65902963.th2.jpg
/msg/lv/transport/cars/volkswagen/t5/bchxbk.html,https://i.ss.lv/gallery/7/1271/317599/63519738.th2.jpg
/msg/lv/transport/cars/skoda/kamiq/cflxdf.html,https://i.ss.lv/gallery/7/1303/325610/65121990.th2.jpg
/msg/lv/transport/cars/volvo/xc60/cchicl.html,https://i.ss.lv/gallery/7/1294/323480/64695959.th2.jpg
/msg/lv/transport/cars/renault/master/gnfxg.html,https://i.ss.lv/gallery/7/1272/317936/63587030.th2.jpg
/msg/lv/transport/cars/kia/soul/cclphe.html,https://i.ss.lv/gallery/7/1319/329515/65902913.th2.jpg
/msg/lv/transport/cars/volkswagen/golf-5/beibnh.html,https://i.ss.lv/gallery/7/1310/327448/65489416.th2.jpg
/msg/lv/transport/cars/bmw/116/hpebn.html,https://i.ss.lv/gallery/7/1319/329514/65902730.th2.jpg
/msg/lv/transport/cars/bmw/x3/bhpog.html,https://i.ss.lv/gallery/6/1122/280289/56057681.th2.jpg
/msg/lv/transport/cars/bmw/335/cfhjdd.html,https://i.ss.lv/gallery/7/1310/327464/65492674.th2.jpg
/msg/lv/transport/cars/volkswagen/golf-7/cdodkc.html,https://i.ss.lv/gallery/7/1319/329514/65902794.th2.jpg
/msg/lv/transport/cars/mitsubishi/pajero/goghn.html,https://i.ss.lv/gallery/7/1319/329515/65902868.th2.jpg
/msg/lv/transport/cars/mercedes/sprinter/bhjfno.html,https://i.ss.lv/gallery/7/1267/316680/63335862.th2.jpg
/msg/lv/transport/cars/volkswagen/golf-4/bcdeoj.html,https://i.ss.lv/gallery/7/1305/326196/65239017.th2.jpg
/msg/lv/transport/cars/ford/tourneo/befmbj.html,https://i.ss.lv/gallery/7/1293/323094/64618724.th2.jpg
/msg/lv/transport/cars/ford/focus/bjxnh.html,https://i.ss.lv/gallery/7/1319/329515/65902854.th2.jpg
/msg/lv/transport/cars/volvo/xc90/cfmodm.html,https://i.ss.lv/gallery/7/1319/329514/65902656.th2.jpg
/msg/lv/transport/cars/volkswagen/polo/bclmi.html,https://i.ss.lv/gallery/7/1278/319421/63884096.th2.jpg
/msg/lv/transport/cars/volkswagen/lt/bbpmmx.html,https://i.ss.lv/gallery/7/1319/329514/65902699.th2.jpg
/msg/lv/transport/cars/volvo/v70/bkpiob.html,https://i.ss.lv/gallery/7/1300/324984/64996602.th2.jpg
/msg/lv/transport/cars/nissan/qashqai/ccjboe.html,https://i.ss.lv/gallery/7/1297/324188/64837457.th2.jpg
/msg/lv/transport/cars/toyota/another/gbicm.html,https://i.ss.lv/gallery/7/1250/312366/62473031.th2.jpg
/msg/lv/transport/cars/bmw/x5/bjidml.html,https://i.ss.lv/gallery/7/1318/329448/65889462.th2.jpg
/msg/lv/transport/cars/peugeot/407/bephph.html,https://i.ss.lv/gallery/7/1306/326345/65268815.th2.jpg
/msg/lv/transport/cars/volkswagen/touran/ccoxhb.html,https://i.ss.lv/gallery/7/1316/328974/65794603.th2.jpg
/msg/lv/transport/cars/opel/astra/gppox.html,https://i.ss.lv/gallery/7/1318/329495/65898842.th2.jpg
/msg/lv/transport/cars/bmw/530/cekmjk.html,https://i.ss.lv/gallery/7/1255/313630/62725937.th2.jpg
/msg/lv/transport/cars/volvo/v70/cdngem.html,https://i.ss.lv/gallery/7/1318/329488/65897445.th2.jpg
/msg/lv/transport/cars/mercedes/s500/ggoen.html,https://i.ss.lv/gallery/7/1277/319204/63840781.th2.jpg
/msg/lv/transport/cars/retro-cars/biiplk.html,https://i.ss.lv/gallery/7/1293/323104/64620776.th2.jpg
/msg/lv/transport/cars/skoda/octavia/cdonkg.html,https://i.ss.lv/gallery/7/1318/329487/65897385.th2.jpg
/msg/lv/transport/cars/bmw/530/hejdh.html,https://i.ss.lv/gallery/7/1281/320089/64017768.th2.jpg
/msg/lv/transport/cars/toyota/land-cruiser/ddbkf.html,https://i.ss.lv/gallery/7/1319/329513/65902565.th2.jpg
/msg/lv/transport/cars/seat/alhambra/bhpjcj.html,https://i.ss.lv/gallery/7/1319/329513/65902458.th2.jpg
/msg/lv/transport/cars/volkswagen/golf-plus/cdxkmh.html,https://i.ss.lv/gallery/7/1319/329511/65902139.th2.jpg
/msg/lv/transport/cars/bmw/320/cdbxnk.html,https://i.ss.lv/gallery/7/1318/329497/65899379.th2.jpg
/msg/lv/transport/cars/mercedes/a160/abobb.html,https://i.ss.lv/gallery/7/1318/329487/65897284.th2.jpg
/msg/lv/transport/cars/bmw/520/bjpiox.html,https://i.ss.lv/gallery/7/1319/329508/65901517.th2.jpg
/msg/lv/transport/cars/opel/zafira/fkibn.html,https://i.ss.lv/gallery/6/1200/299946/59989080.th2.jpg
/msg/lv/transport/cars/bmw/118/cepjmf.html,https://i.ss.lv/gallery/7/1261/315049/63009747.th2.jpg
/msg/lv/transport/cars/ford/focus/eolnp.html,https://i.ss.lv/gallery/7/1286/321265/64252897.th2.jpg
/msg/lv/transport/cars/volvo/v70/ceexcm.html,https://i.ss.lv/gallery/7/1305/326101/65220070.th2.jpg
/msg/lv/transport/cars/fiat/500/hneml.html,https://i.ss.lv/gallery/6/1175/293648/58729538.th2.jpg
/msg/lv/transport/cars/nissan/note/bjeceb.html,https://i.ss.lv/gallery/7/1291/322722/64544342.th2.jpg
/msg/lv/transport/cars/opel/combo/cflhcc.html,https://i.ss.lv/gallery/7/1306/326328/65265403.th2.jpg
/msg/lv/transport/cars/mercedes/sprinter/bhnkdp.html,https://i.ss.lv/gallery/7/1305/326243/65248448.th2.jpg
/msg/lv/transport/cars/volkswagen/golf-5/bkddbc.html,https://i.ss.lv/gallery/7/1298/324280/64855953.th2.jpg
/msg/lv/transport/cars/citroen/berlingo/aehem.html,https://i.ss.lv/gallery/7/1302/325352/65070334.th2.jpg
/msg/lv/transport/cars/volvo/v60/bmnkhe.html,https://i.ss.lv/gallery/7/1319/329513/65902492.th2.jpg
/msg/lv/transport/cars/mercedes/c180/ibkbm.html,https://i.ss.lv/gallery/7/1313/328106/65621085.th2.jpg
/msg/lv/transport/cars/opel/zafira/bcxgik.html,https://i.ss.lv/gallery/7/1300/324993/64998499.th2.jpg
/msg/lv/transport/cars/volkswagen/passat-variant/blkcfn.html,https://i.ss.lv/gallery/7/1295/323722/64744229.th2.jpg
/msg/lv/transport/cars/volkswagen/touran/bhnfno.html,https://i.ss.lv/gallery/7/1319/329513/65902424.th2.jpg
/msg/lv/transport/cars/nissan/leaf/cxixxn.html,https://i.ss.lv/gallery/7/1304/325932/65186331.th2.jpg
/msg/lv/transport/cars/volvo/s80/bjximb.html,https://i.ss.lv/gallery/7/1319/329513/65902419.th2.jpg
/msg/lv/transport/cars/toyota/land-cruiser/epxpx.html,https://i.ss.lv/gallery/7/1319/329512/65902392.th2.jpg
/msg/lv/transport/cars/porsche/911/ceglph.html,https://i.ss.lv/gallery/7/1252/312847/62569286.th2.jpg
/msg/lv/transport/cars/mitsubishi/outlander/cfhfcd.html,https://i.ss.lv/gallery/7/1281/320176/64035086.th2.jpg
/msg/lv/transport/cars/electric-cars/cddxhc.html,https://i.ss.lv/gallery/7/1319/329513/65902432.th2.jpg
/msg/lv/transport/cars/audi/a4/bidcke.html,https://i.ss.lv/gallery/7/1319/329510/65901957.th2.jpg
/msg/lv/transport/cars/audi/a8/fxknp.html,https://i.ss.lv/gallery/7/1269/317204/63440689.th2.jpg
/msg/lv/transport/cars/honda/cr-v/cdondh.html,https://i.ss.lv/gallery/7/1319/329506/65901104.th2.jpg
/msg/lv/transport/cars/lexus/rx/cglge.html,https://i.ss.lv/gallery/6/1142/285349/57069800.th2.jpg
/msg/lv/transport/cars/chevrolet/captiva/cffebd.html,https://i.ss.lv/gallery/7/1319/329512/65902352.th2.jpg
/msg/lv/transport/cars/renault/master/cdklnh.html,https://i.ss.lv/gallery/7/1319/329502/65900259.th2.jpg
/msg/lv/transport/cars/audi/a4/bjfgne.html,https://i.ss.lv/gallery/7/1319/329512/65902258.th2.jpg
/msg/lv/transport/cars/volkswagen/golf-4/begpbe.html,https://i.ss.lv/gallery/7/1319/329512/65902316.th2.jpg
/msg/lv/transport/cars/volkswagen/golf-4/bbdhpb.html,https://i.ss.lv/gallery/7/1311/327604/65520732.th2.jpg
/msg/lv/transport/cars/ford/kuga/cdghng.html,https://i.ss.lv/gallery/7/1300/324777/64955366.th2.jpg
/msg/lv/transport/cars/volkswagen/touareg/bhlomh.html,https://i.ss.lv/gallery/7/1303/325583/65116442.th2.jpg
/msg/lv/transport/cars/bmw/320/cbiip.html,https://i.ss.lv/gallery/7/1273/318059/63611665.th2.jpg
/msg/lv/transport/cars/dacia/duster/cemdom.html,https://i.ss.lv/gallery/7/1256/313861/62772119.th2.jpg
/msg/lv/transport/cars/audi/q5/cbopkx.html,https://i.ss.lv/gallery/7/1306/326425/65284833.th2.jpg
/msg/lv/transport/cars/volvo/s60/blccgf.html,https://i.ss.lv/gallery/7/1289/322204/64440789.th2.jpg
/msg/lv/transport/cars/toyota/rav-4/cbombx.html,https://i.ss.lv/gallery/7/1305/326021/65204178.th2.jpg
/msg/lv/transport/cars/seat/tarraco/cfimem.html,https://i.ss.lv/gallery/7/1288/321967/64393254.th2.jpg
/msg/lv/transport/cars/seat/alhambra/bkokhx.html,https://i.ss.lv/gallery/7/1319/329512/65902248.th2.jpg
/msg/lv/transport/cars/audi/a6/bjxegd.html,https://i.ss.lv/gallery/7/1319/329512/65902231.th2.jpg
/msg/lv/transport/cars/bmw/320/cdipoi.html,https://i.ss.lv/gallery/7/1314/328452/65690380.th2.jpg
/msg/lv/transport/cars/bmw/x1/cbimnl.html,https://i.ss.lv/gallery/6/1197/299176/59835123.th2.jpg
/msg/lv/transport/cars/audi/a4/cpfmo.html,https://i.ss.lv/gallery/7/1286/321457/64291298.th2.jpg
/msg/lv/transport/cars/mazda/cx-5/cbdegh.html,https://i.ss.lv/gallery/7/1291/322734/64546739.th2.jpg
/msg/lv/transport/cars/skoda/superb/cfleie.html,https://i.ss.lv/gallery/7/1304/325995/65198926.th2.jpg
/msg/lv/transport/cars/audi/allroad/bigpje.html,https://i.ss.lv/gallery/7/1305/326010/65201950.th2.jpg
/msg/lv/transport/cars/subaru/b9tridelle/djcnb.html,https://i.ss.lv/gallery/7/1308/326935/65386979.th2.jpg
/msg/lv/transport/cars/bmw/325/fmbnm.html,https://i.ss.lv/gallery/7/1319/329507/65901296.th2.jpg
/msg/lv/transport/cars/mercedes/vito/djcel.html,https://i.ss.lv/gallery/7/1306/326353/65270554.th2.jpg
/msg/lv/transport/cars/mitsubishi/pajero/emllc.html,https://i.ss.lv/gallery/7/1313/328004/65600678.th2.jpg
/msg/lv/transport/cars/volvo/xc90/cdgnei.html,https://i.ss.lv/gallery/7/1319/329510/65901971.th2.jpg
/msg/lv/transport/cars/nissan/leaf/ceihom.html,https://i.ss.lv/gallery/7/1234/308470/61693996.th2.jpg
/msg/lv/transport/cars/audi/a6/bengkp.html,https://i.ss.lv/gallery/7/1299/324728/64945409.th2.jpg
/msg/lv/transport/cars/hyundai/kona/cfkkbd.html,https://i.ss.lv/gallery/7/1301/325103/65020431.th2.jpg
/msg/lv/transport/cars/fiat/another/nolmb.html,https://i.ss.lv/gallery/7/1255/313563/62712522.th2.jpg
/msg/lv/transport/cars/chrysler/grand-voyager/bijcn.html,https://i.ss.lv/gallery/7/1299/324516/64903176.th2.jpg
/msg/lv/transport/cars/bmw/530/bhlxgx.html,https://i.ss.lv/gallery/7/1317/329033/65806458.th2.jpg
/msg/lv/transport/cars/volvo/v70/cdnxfm.html,https://i.ss.lv/gallery/7/1319/329510/65901955.th2.jpg
/msg/lv/transport/cars/opel/antara/cxhhpo.html,https://i.ss.lv/gallery/7/1301/325189/65037750.th2.jpg
/msg/lv/transport/cars/mercedes/c220/mpnpj.html,https://i.ss.lv/gallery/7/1319/329509/65901743.th2.jpg
/msg/lv/transport/cars/bmw/another/cgjlx.html,https://i.ss.lv/gallery/7/1300/324818/64963499.th2.jpg
/msg/lv/transport/cars/bmw/x5/fpcgc.html,https://i.ss.lv/gallery/7/1267/316739/63347706.th2.jpg
/msg/lv/transport/cars/peugeot/4007/cdbhnx.html,https://i.ss.lv/gallery/7/1316/328873/65774533.th2.jpg
/msg/lv/transport/cars/volvo/s80/gdbjh.html,https://i.ss.lv/gallery/7/1279/319563/63912426.th2.jpg
/msg/lv/transport/cars/volkswagen/touran/bjhnxb.html,https://i.ss.lv/gallery/7/1268/316974/63394625.th2.jpg
/msg/lv/transport/cars/mercedes/cls250/cbiije.html,https://i.ss.lv/gallery/7/1319/329509/65901760.th2.jpg
/msg/lv/transport/cars/mini/countryman/cdldgx.html,https://i.ss.lv/gallery/7/1318/329491/65898156.th2.jpg
/msg/lv/transport/cars/bmw/x3/bpnhdf.html,https://i.ss.lv/gallery/7/1306/326311/65262117.th2.jpg
/msg/lv/transport/cars/skoda/superb/ceibex.html,https://i.ss.lv/gallery/7/1253/313049/62609731.th2.jpg
/msg/lv/transport/cars/bmw/520/hgjep.html,https://i.ss.lv/gallery/7/1284/320975/64194997.th2.jpg
/msg/lv/transport/cars/volvo/v70/cdnxio.html,https://i.ss.lv/gallery/7/1319/329509/65901694.th2.jpg
/msg/lv/transport/cars/volkswagen/golf-7/bplkbi.html,https://i.ss.lv/gallery/7/1306/326316/65263044.th2.jpg
/msg/lv/transport/cars/volvo/s60/bjbofe.html,https://i.ss.lv/gallery/7/1319/329508/65901558.th2.jpg
/msg/lv/transport/cars/volvo/xc90/cclkie.html,https://i.ss.lv/gallery/7/1302/325368/65073566.th2.jpg
/msg/lv/transport/cars/honda/cr-v/cfimeh.html,https://i.ss.lv/gallery/7/1288/321965/64392858.th2.jpg
/msg/lv/transport/cars/bmw/530/cdgxnl.html,https://i.ss.lv/gallery/7/1313/328225/65644953.th2.jpg
/msg/lv/transport/cars/alfa-romeo/giulietta/cfmoch.html,https://i.ss.lv/gallery/7/1319/329509/65901654.th2.jpg
/msg/lv/transport/cars/honda/cr-v/bpigxd.html,https://i.ss.lv/gallery/7/1319/329509/65901646.th2.jpg
/msg/lv/transport/cars/audi/a8/ekbbe.html,https://i.ss.lv/gallery/7/1317/329077/65815377.th2.jpg
/msg/lv/transport/cars/renault/another/cblcde.html,https://i.ss.lv/gallery/7/1292/322905/64580910.th2.jpg
/msg/lv/transport/cars/retro-cars/biifle.html,https://i.ss.lv/gallery/7/1319/329508/65901537.th2.jpg
/msg/lv/transport/cars/volkswagen/passat-b7/bnccbk.html,https://i.ss.lv/gallery/7/1319/329508/65901592.th2.jpg
/msg/lv/transport/cars/bmw/x5/beghon.html,https://i.ss.lv/gallery/7/1273/318063/63612421.th2.jpg
/msg/lv/transport/cars/audi/a3/cdpxfp.html,https://i.ss.lv/gallery/7/1311/327666/65533174.th2.jpg
/msg/lv/transport/cars/bmw/530/hcbeo.html,https://i.ss.lv/gallery/6/1124/280935/56186819.th2.jpg
/msg/lv/transport/cars/audi/a3/bglehn.html,https://i.ss.lv/gallery/7/1312/327982/65596279.th2.jpg
/msg/lv/transport/cars/mazda/mazda5/bcdjdi.html,https://i.ss.lv/gallery/7/1297/324019/64803795.th2.jpg
/msg/lv/transport/cars/bmw/530/efhel.html,https://i.ss.lv/gallery/6/1124/280892/56178387.th2.jpg
/msg/lv/transport/cars/bmw/530/cglbo.html,https://i.ss.lv/gallery/6/1126/281256/56251149.th2.jpg
/msg/lv/transport/cars/ford/mondeo/eomel.html,https://i.ss.lv/gallery/7/1297/324018/64803569.th2.jpg
/msg/lv/transport/cars/ford/focusc-max/bddelb.html,https://i.ss.lv/gallery/7/1286/321365/64272900.th2.jpg
/msg/lv/transport/cars/bmw/550/cbbggc.html,https://i.ss.lv/gallery/6/1106/276284/55256777.th2.jpg
/msg/lv/transport/cars/opel/meriva/mlcck.html,https://i.ss.lv/gallery/6/1187/296621/59324128.th2.jpg
/msg/lv/transport/cars/skoda/kodiaq/cdednp.html,https://i.ss.lv/gallery/7/1312/327971/65594099.th2.jpg
/msg/lv/transport/cars/volvo/v50/bgmocg.html,https://i.ss.lv/gallery/7/1298/324266/64853102.th2.jpg
/msg/lv/transport/cars/opel/zafira/gomcf.html,https://i.ss.lv/gallery/7/1297/324005/64800827.th2.jpg
/msg/lv/transport/cars/bmw/225/cfkbpf.html,https://i.ss.lv/gallery/7/1297/324018/64803472.th2.jpg
/msg/lv/transport/cars/mitsubishi/eclipse/cieof.html,https://i.ss.lv/gallery/7/1284/320992/64198218.th2.jpg
/msg/lv/transport/cars/opel/insignia/cbbmhd.html,https://i.ss.lv/gallery/7/1298/324270/64853955.th2.jpg
/msg/lv/transport/cars/audi/a6/bkenln.html,https://i.ss.lv/gallery/7/1307/326635/65326847.th2.jpg
/msg/lv/transport/cars/audi/a8/bcddnj.html,https://i.ss.lv/gallery/7/1298/324391/64878176.th2.jpg
/msg/lv/transport/cars/volkswagen/polo/bimgdg.html,https://i.ss.lv/gallery/7/1319/329508/65901553.th2.jpg
/msg/lv/transport/cars/renault/kadjar/bomehm.html,https://i.ss.lv/gallery/7/1299/324678/64935432.th2.jpg
/msg/lv/transport/cars/opel/insignia/bpdjje.html,https://i.ss.lv/gallery/6/1047/261664/52332657.th2.jpg
/msg/lv/transport/cars/opel/insignia/cddeec.html,https://i.ss.lv/gallery/7/1247/311700/62340000.th2.jpg
/msg/lv/transport/cars/mercedes/sprinter/bhokhg.html,https://i.ss.lv/gallery/7/1319/329508/65901530.th2.jpg
/msg/lv/transport/cars/mazda/mazda6/gnmxd.html,https://i.ss.lv/gallery/7/1288/321782/64356394.th2.jpg
/msg/lv/transport/cars/renault/megane/okgkj.html,https://i.ss.lv/gallery/7/1301/325216/65043052.th2.jpg
/msg/lv/transport/cars/volvo/xc60/cdlhxn.html,https://i.ss.lv/gallery/7/1319/329508/65901436.th2.jpg
/msg/lv/transport/cars/subaru/impreza/eghxk.html,https://i.ss.lv/gallery/7/1302/325329/65065738.th2.jpg
/msg/lv/transport/cars/renault/clio/lmdjl.html,https://i.ss.lv/gallery/7/1313/328192/65638365.th2.jpg
/msg/lv/transport/cars/opel/zafira/accko.html,https://i.ss.lv/gallery/7/1299/324628/64925502.th2.jpg
/msg/lv/transport/cars/peugeot/5008/ccikkn.html,https://i.ss.lv/gallery/7/1298/324390/64877828.th2.jpg
/msg/lv/transport/cars/mitsubishi/outlander/micod.html,https://i.ss.lv/gallery/7/1308/326932/65386246.th2.jpg
/msg/lv/transport/cars/opel/corsa/bcncc.html,https://i.ss.lv/gallery/7/1319/329508/65901446.th2.jpg
/msg/lv/transport/cars/volvo/v90/cbjdpo.html,https://i.ss.lv/gallery/7/1319/329507/65901398.th2.jpg
/msg/lv/transport/cars/mercedes/c200/cflfxj.html,https://i.ss.lv/gallery/7/1305/326067/65213283.th2.jpg
/msg/lv/transport/cars/opel/omega/aodfe.html,https://i.ss.lv/gallery/7/1317/329158/65831536.th2.jpg
/msg/lv/transport/cars/opel/insignia/ccnbdp.html,https://i.ss.lv/gallery/7/1297/324226/64845086.th2.jpg
/msg/lv/transport/cars/bmw/x5/bnijn.html,https://i.ss.lv/gallery/7/1293/323084/64616690.th2.jpg
/msg/lv/transport/cars/volkswagen/sharan/boekx.html,https://i.ss.lv/gallery/7/1296/323784/64756717.th2.jpg
/msg/lv/transport/cars/ford/tourneo/pxdhh.html,https://i.ss.lv/gallery/7/1319/329507/65901379.th2.jpg
/msg/lv/transport/cars/volvo/xc90/cfmocd.html,https://i.ss.lv/gallery/7/1319/329507/65901363.th2.jpg
/msg/lv/transport/cars/peugeot/3008/ceokfm.html,https://i.ss.lv/gallery/7/1259/314560/62911996.th2.jpg
/msg/lv/transport/cars/bmw/320/cdlfpj.html,https://i.ss.lv/gallery/7/1319/329506/65901166.th2.jpg
/msg/lv/transport/cars/volvo/xc60/cemcne.html,https://i.ss.lv/gallery/7/1295/323531/64706159.th2.jpg
/msg/lv/transport/cars/volvo/xc60/cdlhoe.html,https://i.ss.lv/gallery/7/1319/329507/65901291.th2.jpg
/msg/lv/transport/cars/bmw/320/ccpfle.html,https://i.ss.lv/gallery/7/1308/326997/65399259.th2.jpg
/msg/lv/transport/cars/volkswagen/touareg/bkxcik.html,https://i.ss.lv/gallery/7/1308/326762/65352237.th2.jpg
/msg/lv/transport/cars/volvo/s60/ceehdf.html,https://i.ss.lv/gallery/7/1250/312357/62471217.th2.jpg
/msg/lv/transport/cars/bmw/318/bkxxb.html,https://i.ss.lv/gallery/7/1318/329311/65862021.th2.jpg
/msg/lv/transport/cars/toyota/verso/blnpfl.html,https://i.ss.lv/gallery/7/1295/323528/64705479.th2.jpg
/msg/lv/transport/cars/audi/a6/bjchxc.html,https://i.ss.lv/gallery/7/1319/329507/65901317.th2.jpg
/msg/lv/transport/cars/seat/altea/cfmhkf.html,https://i.ss.lv/gallery/7/1315/328516/65703129.th2.jpg
/msg/lv/transport/cars/nissan/navara/cxxngh.html,https://i.ss.lv/gallery/7/1316/328968/65793589.th2.jpg
/msg/lv/transport/cars/lexus/rx/cexgif.html,https://i.ss.lv/gallery/7/1319/329507/65901244.th2.jpg
/msg/lv/transport/cars/skoda/octavia/ccecne.html,https://i.ss.lv/gallery/7/1319/329507/65901235.th2.jpg
/msg/lv/transport/cars/bmw/316/hedep.html,https://i.ss.lv/gallery/7/1295/323551/64710074.th2.jpg
/msg/lv/transport/cars/ford/fiesta/epfxe.html,https://i.ss.lv/gallery/7/1310/327490/65497910.th2.jpg
/msg/lv/transport/cars/mercedes/g63-amg/cbexkp.html,https://i.ss.lv/gallery/7/1296/323820/64763852.th2.jpg
/msg/lv/transport/cars/bmw/530/bhlfxc.html,https://i.ss.lv/gallery/7/1311/327615/65522883.th2.jpg
/msg/lv/transport/cars/skoda/octavia/cdxdff.html,https://i.ss.lv/gallery/7/1315/328556/65711019.th2.jpg
/msg/lv/transport/cars/bmw/535/cdjipc.html,https://i.ss.lv/gallery/7/1319/329507/65901222.th2.jpg
/msg/lv/transport/cars/renault/master/befcil.html,https://i.ss.lv/gallery/7/1305/326123/65224569.th2.jpg
/msg/lv/transport/cars/honda/cr-v/cdgdmg.html,https://i.ss.lv/gallery/7/1318/329469/65893621.th2.jpg
/msg/lv/transport/cars/volkswagen/golf-4/bdddbl.html,https://i.ss.lv/gallery/7/1319/329506/65901186.th2.jpg
/msg/lv/transport/cars/mitsubishi/pajero/cfjko.html,https://i.ss.lv/gallery/7/1306/326427/65285362.th2.jpg
/msg/lv/transport/cars/volkswagen/transporter/hnkoi.html,https://i.ss.lv/gallery/7/1282/320433/64086488.th2.jpg
/msg/lv/transport/cars/peugeot/partner/bcfgck.html,https://i.ss.lv/gallery/6/1136/283910/56781993.th2.jpg
/msg/lv/transport/cars/land-rover/discovery/ccimdi.html,https://i.ss.lv/gallery/7/1310/327407/65481215.th2.jpg
/msg/lv/transport/cars/volvo/v50/ankio.html,https://i.ss.lv/gallery/7/1297/324209/64841753.th2.jpg
/msg/lv/transport/cars/chevrolet/trans-sport/bgchm.html,https://i.ss.lv/gallery/6/1196/298991/59798112.th2.jpg
/msg/lv/transport/cars/volkswagen/crafter/ccgobx.html,https://i.ss.lv/gallery/7/1292/322970/64593888.th2.jpg
/msg/lv/transport/cars/volvo/v40/hoejj.html,https://i.ss.lv/gallery/7/1319/329506/65901023.th2.jpg
/msg/lv/transport/cars/mercedes/cl500/ffnxf.html,https://i.ss.lv/gallery/7/1289/322098/64419591.th2.jpg
/msg/lv/transport/cars/audi/a4/dhjfp.html,https://i.ss.lv/gallery/7/1297/324128/64825575.th2.jpg
/msg/lv/transport/cars/skoda/kodiaq/ccnmhk.html,https://i.ss.lv/gallery/7/1319/329504/65900629.th2.jpg
/msg/lv/transport/cars/skoda/fabia/cdlfdi.html,https://i.ss.lv/gallery/7/1319/329506/65901085.th2.jpg
/msg/lv/transport/cars/audi/a6/bimgdh.html,https://i.ss.lv/gallery/7/1318/329315/65862962.th2.jpg
/msg/lv/transport/cars/bmw/320/cddmii.html,https://i.ss.lv/gallery/7/1319/329506/65901133.th2.jpg
/msg/lv/transport/cars/bmw/318/hbdmo.html,https://i.ss.lv/gallery/7/1318/329444/65888637.th2.jpg
/msg/lv/transport/cars/ford/focusc-max/bkkdkx.html,https://i.ss.lv/gallery/7/1319/329506/65901097.th2.jpg
/msg/lv/transport/cars/volkswagen/caddy/bjbdkl.html,https://i.ss.lv/gallery/7/1280/319957/63991389.th2.jpg
/msg/lv/transport/cars/renault/laguna/heemf.html,https://i.ss.lv/gallery/7/1319/329502/65900391.th2.jpg
/msg/lv/transport/cars/ford/transit/bejkhj.html,https://i.ss.lv/gallery/7/1313/328249/65649729.th2.jpg
/msg/lv/transport/cars/renault/master/bhncxl.html,https://i.ss.lv/gallery/7/1316/328792/65758376.th2.jpg
/msg/lv/transport/cars/ford/s-max/cdondd.html,https://i.ss.lv/gallery/7/1319/329505/65900934.th2.jpg
/msg/lv/transport/cars/bmw/x5/bixxnc.html,https://i.ss.lv/gallery/7/1313/328241/65648010.th2.jpg
/msg/lv/transport/cars/volkswagen/transporter/blbcco.html,https://i.ss.lv/gallery/7/1316/328796/65759098.th2.jpg
/msg/lv/transport/cars/honda/cr-v/cckkpf.html,https://i.ss.lv/gallery/7/1308/326953/65390473.th2.jpg
/msg/lv/transport/cars/citroen/c3/cdgedn.html,https://i.ss.lv/gallery/7/1306/326256/65251092.th2.jpg
/msg/lv/transport/cars/ford/transit/bkeodm.html,https://i.ss.lv/gallery/7/1308/326954/65390654.th2.jpg
/msg/lv/transport/cars/volvo/xc90/cfmobk.html,https://i.ss.lv/gallery/7/1319/329504/65900710.th2.jpg
/msg/lv/transport/cars/peugeot/508/cbmkln.html,https://i.ss.lv/gallery/7/1319/329503/65900482.th2.jpg
/msg/lv/transport/cars/mercedes/ml350/cfkgmm.html,https://i.ss.lv/gallery/7/1297/324194/64838648.th2.jpg
/msg/lv/transport/cars/bmw/320/cdibli.html,https://i.ss.lv/gallery/7/1239/309730/61945909.th2.jpg
/msg/lv/transport/cars/bmw/530/bijfj.html,https://i.ss.lv/gallery/7/1319/329505/65900978.th2.jpg
/msg/lv/transport/cars/seat/leon/bxinix.html,https://i.ss.lv/gallery/7/1282/320326/64065143.th2.jpg
/msg/lv/transport/cars/bmw/530/bhjocf.html,https://i.ss.lv/gallery/7/1306/326274/65254796.th2.jpg
/msg/lv/transport/cars/bmw/530/cdlfbh.html,https://i.ss.lv/gallery/7/1318/329458/65891406.th2.jpg
/msg/lv/transport/cars/audi/a3/cekke.html,https://i.ss.lv/gallery/7/1314/328271/65654027.th2.jpg
/msg/lv/transport/cars/renault/megane/bcdkix.html,https://i.ss.lv/gallery/7/1317/329001/65800194.th2.jpg
/msg/lv/transport/cars/subaru/forester/cfmobn.html,https://i.ss.lv/gallery/7/1319/329505/65900905.th2.jpg
/msg/lv/transport/cars/renault/espace/kxkld.html,https://i.ss.lv/gallery/7/1291/322659/64531711.th2.jpg
/msg/lv/transport/cars/mercedes/e200/ekiod.html,https://i.ss.lv/gallery/7/1319/329505/65900844.th2.jpg
/msg/lv/transport/cars/volvo/s60/bifkec.html,https://i.ss.lv/gallery/7/1304/325906/65181033.th2.jpg
/msg/lv/transport/cars/ford/s-max/bmkdom.html,https://i.ss.lv/gallery/7/1299/324691/64938137.th2.jpg
/msg/lv/transport/cars/renault/grandscenic/bndeom.html,https://i.ss.lv/gallery/7/1311/327664/65532718.th2.jpg
/msg/lv/transport/cars/toyota/avensis/bldhbd.html,https://i.ss.lv/gallery/7/1315/328515/65702909.th2.jpg
/msg/lv/transport/cars/audi/q5/cddbon.html,https://i.ss.lv/gallery/7/1313/328043/65608581.th2.jpg
/msg/lv/transport/cars/opel/crossland-x/cdejxn.html,https://i.ss.lv/gallery/7/1313/328051/65610060.th2.jpg
/msg/lv/transport/cars/opel/another/meleo.html,https://i.ss.lv/gallery/7/1313/328051/65610060.th2.jpg
/msg/lv/transport/cars/subaru/outback/acmnd.html,https://i.ss.lv/gallery/7/1272/317895/63578844.th2.jpg
/msg/lv/transport/cars/bmw/330/cdmbbp.html,https://i.ss.lv/gallery/7/1315/328720/65743980.th2.jpg
/msg/lv/transport/cars/bmw/118/cdhfgk.html,https://i.ss.lv/gallery/7/1315/328573/65714512.th2.jpg
/msg/lv/transport/cars/bmw/330/cdxmce.html,https://i.ss.lv/gallery/7/1282/320421/64084070.th2.jpg
/msg/lv/transport/cars/toyota/corolla/bjelfc.html,https://i.ss.lv/gallery/7/1215/303683/60736410.th2.jpg
/msg/lv/transport/cars/bmw/520/bgfxk.html,https://i.ss.lv/gallery/7/1319/329504/65900717.th2.jpg
/msg/lv/transport/cars/volkswagen/golf-6/cdmxjd.html,https://i.ss.lv/gallery/7/1319/329504/65900606.th2.jpg
/msg/lv/transport/cars/audi/a4/bkgggd.html,https://i.ss.lv/gallery/7/1306/326348/65269589.th2.jpg
/msg/lv/transport/cars/volkswagen/golf-3/fgmxe.html,https://i.ss.lv/gallery/7/1319/329504/65900735.th2.jpg
/msg/lv/transport/cars/ford/focus/amleb.html,https://i.ss.lv/gallery/7/1313/328041/65608012.th2.jpg
/msg/lv/transport/cars/skoda/octavia/cckxcn.html,https://i.ss.lv/gallery/7/1308/326934/65386652.th2.jpg
/msg/lv/transport/cars/volkswagen/taigo/cbennm.html,https://i.ss.lv/gallery/7/1266/316319/63263787.th2.jpg
/msg/lv/transport/cars/toyota/avensis/bdokbb.html,https://i.ss.lv/gallery/7/1299/324731/64946136.th2.jpg
/msg/lv/transport/cars/audi/a4/bxbbo.html,https://i.ss.lv/gallery/7/1278/319295/63858859.th2.jpg
/msg/lv/transport/cars/opel/insignia/cckbhi.html,https://i.ss.lv/gallery/7/1319/329504/65900724.th2.jpg
/msg/lv/transport/cars/volkswagen/passat-b8/bpnfdm.html,https://i.ss.lv/gallery/7/1319/329503/65900566.th2.jpg
/msg/lv/transport/cars/cupra/formentor/cexffp.html,https://i.ss.lv/gallery/6/1144/285879/57175700.th2.jpg
/msg/lv/transport/cars/mitsubishi/space-star/bbdnk.html,https://i.ss.lv/gallery/7/1311/327584/65516684.th2.jpg
/msg/lv/transport/cars/audi/a4/bkdkxo.html,https://i.ss.lv/gallery/7/1297/324085/64816914.th2.jpg
/msg/lv/transport/cars/mazda/cx-5/cdopof.html,https://i.ss.lv/gallery/7/1299/324691/64938055.th2.jpg
/msg/lv/transport/cars/volvo/v60/cejkdp.html,https://i.ss.lv/gallery/7/1254/313403/62680517.th2.jpg
/msg/lv/transport/cars/bmw/320/bincke.html,https://i.ss.lv/gallery/7/1319/329503/65900569.th2.jpg
/msg/lv/transport/cars/bmw/530/biecxm.html,https://i.ss.lv/gallery/7/1319/329503/65900588.th2.jpg
/msg/lv/transport/cars/opel/grandland-x/ceknoo.html,https://i.ss.lv/gallery/7/1255/313650/62729994.th2.jpg
/msg/lv/transport/cars/peugeot/508/bpbdji.html,https://i.ss.lv/gallery/7/1289/322193/64438468.th2.jpg
/msg/lv/transport/cars/volkswagen/t-roc/ccedbn.html,https://i.ss.lv/gallery/7/1314/328364/65672669.th2.jpg
/msg/lv/transport/cars/audi/a6/amhid.html,https://i.ss.lv/gallery/7/1290/322484/64496775.th2.jpg
/msg/lv/transport/cars/volvo/xc90/bdmpkf.html,https://i.ss.lv/gallery/7/1303/325532/65106257.th2.jpg
/msg/lv/transport/cars/mercedes/c220/gghko.html,https://i.ss.lv/gallery/7/1300/324955/64990832.th2.jpg
/msg/lv/transport/cars/mazda/cx-5/cblhmg.html,https://i.ss.lv/gallery/7/1304/325911/65182037.th2.jpg
/msg/lv/transport/cars/volvo/s60/biofmm.html,https://i.ss.lv/gallery/7/1319/329503/65900518.th2.jpg
/msg/lv/transport/cars/volkswagen/tiguan/ppfkb.html,https://i.ss.lv/gallery/7/1303/325640/65127896.th2.jpg
/msg/lv/transport/cars/volkswagen/golf-6/bhxxog.html,https://i.ss.lv/gallery/7/1309/327165/65432930.th2.jpg
/msg/lv/transport/cars/volvo/s60/bldnjk.html,https://i.ss.lv/gallery/7/1318/329411/65882137.th2.jpg
/msg/lv/transport/cars/volkswagen/golf-6/mggfh.html,https://i.ss.lv/gallery/7/1318/329308/65861518.th2.jpg
/msg/lv/transport/cars/volkswagen/golf-6/biepgx.html,https://i.ss.lv/gallery/7/1245/311236/62247060.th2.jpg
/msg/lv/transport/cars/audi/a3/biodhb.html,https://i.ss.lv/gallery/7/1319/329502/65900399.th2.jpg
/msg/lv/transport/cars/volvo/xc60/ccfpof.html,https://i.ss.lv/gallery/7/1309/327216/65443199.th2.jpg
/msg/lv/transport/cars/peugeot/206/eikix.html,https://i.ss.lv/gallery/7/1319/329502/65900382.th2.jpg
/msg/lv/transport/cars/volvo/v40/bdbxng.html,https://i.ss.lv/gallery/7/1319/329502/65900327.th2.jpg
/msg/lv/transport/cars/kia/sportage/cdbblf.html,https://i.ss.lv/gallery/7/1292/322964/64592762.th2.jpg
/msg/lv/transport/cars/opel/combo/cfmoxj.html,https://i.ss.lv/gallery/7/1318/329496/65899105.th2.jpg
/msg/lv/transport/cars/bmw/118/ophkb.html,https://i.ss.lv/gallery/7/1298/324427/64885205.th2.jpg
/msg/lv/transport/cars/volkswagen/t-cross/cbhjhk.html,https://i.ss.lv/gallery/7/1289/322069/64413697.th2.jpg
/msg/lv/transport/cars/volkswagen/golf-plus/bppmeh.html,https://i.ss.lv/gallery/7/1297/324111/64822178.th2.jpg
/msg/lv/transport/cars/opel/corsa/ngchp.html,https://i.ss.lv/gallery/7/1319/329502/65900354.th2.jpg
/msg/lv/transport/cars/dacia/sandero/boikkj.html,https://i.ss.lv/gallery/7/1267/316741/63348006.th2.jpg
/msg/lv/transport/cars/bmw/320/biemcj.html,https://i.ss.lv/gallery/7/1306/326382/65276296.th2.jpg
/msg/lv/transport/cars/volkswagen/t-roc/cxjoom.html,https://i.ss.lv/gallery/7/1278/319332/63866218.th2.jpg
/msg/lv/transport/cars/electric-cars/cdlefn.html,https://i.ss.lv/gallery/7/1319/329502/65900338.th2.jpg
/msg/lv/transport/cars/volkswagen/touran/bhlill.html,https://i.ss.lv/gallery/7/1319/329501/65900052.th2.jpg
/msg/lv/transport/cars/bmw/745/abjdn.html,https://i.ss.lv/gallery/7/1233/308185/61636901.th2.jpg
/msg/lv/transport/cars/bmw/330/hnkjf.html,https://i.ss.lv/gallery/7/1319/329501/65900125.th2.jpg
/msg/lv/transport/cars/toyota/verso/ccikhm.html,https://i.ss.lv/gallery/7/1319/329502/65900290.th2.jpg
/msg/lv/transport/cars/renault/clio/ikomb.html,https://i.ss.lv/gallery/7/1264/315942/63188287.th2.jpg
/msg/lv/transport/cars/fiat/punto/bxbke.html,https://i.ss.lv/gallery/7/1311/327723/65544541.th2.jpg
/msg/lv/transport/cars/kia/sportage/ccmxhf.html,https://i.ss.lv/gallery/7/1319/329502/65900209.th2.jpg
/msg/lv/transport/cars/bmw/525/aapgm.html,https://i.ss.lv/gallery/7/1226/306321/61264186.th2.jpg
/msg/lv/transport/cars/bmw/630/immxi.html,https://i.ss.lv/gallery/7/1290/322382/64476300.th2.jpg
/msg/lv/transport/cars/renault/scenic/dibnn.html,https://i.ss.lv/gallery/6/1189/297171/59434116.th2.jpg
/msg/lv/transport/cars/mercedes/gls-350/ccbhpp.html,https://i.ss.lv/gallery/7/1270/317310/63461922.th2.jpg
/msg/lv/transport/cars/volkswagen/passat-b5/oggfl.html,https://i.ss.lv/gallery/7/1306/326303/65260411.th2.jpg
/msg/lv/transport/cars/subaru/forester/bjfobn.html,https://i.ss.lv/gallery/7/1304/325795/65158998.th2.jpg
/msg/lv/transport/cars/mercedes/v250/cbmode.html,https://i.ss.lv/gallery/7/1203/300637/60127242.th2.jpg
/msg/lv/transport/cars/opel/astra/eppcn.html,https://i.ss.lv/gallery/7/1283/320728/64145493.th2.jpg
/msg/lv/transport/cars/fiat/ducato/bdppbl.html,https://i.ss.lv/gallery/7/1309/327138/65427578.th2.jpg
/msg/lv/transport/cars/honda/civic/flhjn.html,https://i.ss.lv/gallery/7/1318/329490/65897985.th2.jpg
/msg/lv/transport/cars/subaru/outback/cchigk.html,https://i.ss.lv/gallery/7/1215/303724/60744748.th2.jpg
/msg/lv/transport/cars/ford/focus/beekcp.html,https://i.ss.lv/gallery/7/1311/327629/65525623.th2.jpg
/msg/lv/transport/cars/audi/a6/bigjxl.html,https://i.ss.lv/gallery/7/1306/326426/65285131.th2.jpg
/msg/lv/transport/cars/peugeot/partner/cfcmel.html,https://i.ss.lv/gallery/7/1266/316283/63256477.th2.jpg
/msg/lv/transport/cars/skoda/kodiaq/celknp.html,https://i.ss.lv/gallery/7/1255/313732/62746394.th2.jpg
/msg/lv/transport/cars/skoda/octavia/emdxi.html,https://i.ss.lv/gallery/7/1319/329501/65900107.th2.jpg
/msg/lv/transport/cars/nissan/qashqai/bbncpe.html,https://i.ss.lv/gallery/7/1272/317893/63578568.th2.jpg
/msg/lv/transport/cars/skoda/fabia/cdxdkg.html,https://i.ss.lv/gallery/7/1310/327443/65488492.th2.jpg
/msg/lv/transport/cars/volkswagen/golf-4/bdepnm.html,https://i.ss.lv/gallery/7/1305/326103/65220409.th2.jpg
/msg/lv/transport/cars/ford/tourneo/ccdohp.html,https://i.ss.lv/gallery/7/1319/329501/65900036.th2.jpg
/msg/lv/transport/cars/volkswagen/multivan/ajbep.html,https://i.ss.lv/gallery/7/1318/329496/65899193.th2.jpg
/msg/lv/transport/cars/bmw/x3/cbfhic.html,https://i.ss.lv/gallery/7/1314/328270/65653963.th2.jpg
/msg/lv/transport/cars/skoda/superb/cxhlbj.html,https://i.ss.lv/gallery/7/1258/314404/62880762.th2.jpg
/msg/lv/transport/cars/chevrolet/aveo/ldckx.html,https://i.ss.lv/gallery/7/1319/329501/65900023.th2.jpg
/msg/lv/transport/cars/land-rover/range-rover-sport/blclfb.html,https://i.ss.lv/gallery/7/1266/316314/63262741.th2.jpg
/msg/lv/transport/cars/toyota/hilux/ccxlfm.html,https://i.ss.lv/gallery/7/1318/329500/65899916.th2.jpg
/msg/lv/transport/cars/volvo/v70/bedghe.html,https://i.ss.lv/gallery/7/1268/316797/63359311.th2.jpg
/msg/lv/transport/cars/skoda/kodiaq/cddeig.html,https://i.ss.lv/gallery/7/1318/329500/65899998.th2.jpg
/msg/lv/transport/cars/mercedes/ml320/bknmf.html,https://i.ss.lv/gallery/7/1289/322151/64430133.th2.jpg
/msg/lv/transport/cars/volvo/v50/ccjpfd.html,https://i.ss.lv/gallery/7/1315/328514/65702629.th2.jpg
/msg/lv/transport/cars/peugeot/3008/cblhhj.html,https://i.ss.lv/gallery/7/1298/324335/64866904.th2.jpg
/msg/lv/transport/cars/volvo/xc60/cboolg.html,https://i.ss.lv/gallery/7/1310/327462/65492265.th2.jpg
/msg/lv/transport/cars/audi/a4/okjxl.html,https://i.ss.lv/gallery/7/1318/329500/65899975.th2.jpg
/msg/lv/transport/cars/bmw/530/bhjhxm.html,https://i.ss.lv/gallery/7/1303/325506/65101194.th2.jpg
/msg/lv/transport/cars/skoda/roomster/bmjpmg.html,https://i.ss.lv/gallery/6/1197/299178/59835529.th2.jpg
/msg/lv/transport/cars/dacia/sandero/bljxcm.html,https://i.ss.lv/gallery/7/1280/319906/63981181.th2.jpg
/msg/lv/transport/cars/peugeot/2008/cfkdgl.html,https://i.ss.lv/gallery/7/1297/324230/64845988.th2.jpg
/msg/lv/transport/cars/opel/astra/bemxop.html,https://i.ss.lv/gallery/7/1298/324410/64881949.th2.jpg
/msg/lv/transport/cars/opel/zafira/djlfh.html,https://i.ss.lv/gallery/7/1282/320403/64080522.th2.jpg
/msg/lv/transport/cars/skoda/superb/cchhjx.html,https://i.ss.lv/gallery/7/1318/329485/65896932.th2.jpg
/msg/lv/transport/cars/volkswagen/tiguan/cfdglp.html,https://i.ss.lv/gallery/7/1267/316740/63347821.th2.jpg
/msg/lv/transport/cars/opel/corsa/beicni.html,https://i.ss.lv/gallery/7/1219/304699/60939729.th2.jpg
/msg/lv/transport/cars/citroen/jumpy/ccxdpo.html,https://i.ss.lv/gallery/7/1302/325420/65083889.th2.jpg
/msg/lv/transport/cars/audi/a6/belbgi.html,https://i.ss.lv/gallery/7/1218/304410/60881878.th2.jpg
/msg/lv/transport/cars/saab/9-3/gcfej.html,https://i.ss.lv/gallery/7/1318/329499/65899753.th2.jpg
/msg/lv/transport/cars/audi/a6/bjgdcc.html,https://i.ss.lv/gallery/7/1300/324764/64952766.th2.jpg
/msg/lv/transport/cars/renault/laguna/dkhoo.html,https://i.ss.lv/gallery/7/1318/329499/65899714.th2.jpg
/msg/lv/transport/cars/audi/q7/bpgpld.html,https://i.ss.lv/gallery/7/1311/327708/65541573.th2.jpg
/msg/lv/transport/cars/volvo/s40/bgmmf.html,https://i.ss.lv/gallery/7/1318/329499/65899778.th2.jpg
/msg/lv/transport/cars/volkswagen/passat-b6/nbhdg.html,https://i.ss.lv/gallery/7/1249/312026/62405116.th2.jpg
/msg/lv/transport/cars/mercedes/c200/cdkkxc.html,https://i.ss.lv/gallery/7/1318/329495/65898993.th2.jpg
/msg/lv/transport/cars/opel/meriva/bhbxfd.html,https://i.ss.lv/gallery/6/1157/289050/57809949.th2.jpg
/msg/lv/transport/cars/volkswagen/passat-alltrack/cbpclb.html,https://i.ss.lv/gallery/7/1300/324849/64969765.th2.jpg
/msg/lv/transport/cars/citroen/c4/pjejc.html,https://i.ss.lv/gallery/7/1318/329488/65897504.th2.jpg
/msg/lv/transport/cars/volkswagen/passat-alltrack/bmgbkk.html,https://i.ss.lv/gallery/7/1313/328056/65611042.th2.jpg
/msg/lv/transport/cars/bmw/320/cenkjb.html,https://i.ss.lv/gallery/7/1258/314323/62864480.th2.jpg
/msg/lv/transport/cars/mercedes/e350/cxhpji.html,https://i.ss.lv/gallery/7/1310/327385/65476927.th2.jpg
/msg/lv/transport/cars/volvo/v50/cficid.html,https://i.ss.lv/gallery/7/1310/327491/65498062.th2.jpg
/msg/lv/transport/cars/subaru/impreza/dgeie.html,https://i.ss.lv/gallery/7/1299/324652/64930233.th2.jpg
/msg/lv/transport/cars/opel/mokka/cclpei.html,https://i.ss.lv/gallery/7/1225/306152/61230293.th2.jpg
/msg/lv/transport/cars/ford/focus/bxxdhp.html,https://i.ss.lv/gallery/7/1318/329499/65899695.th2.jpg
/msg/lv/transport/cars/toyota/land-cruiser/fgpdx.html,https://i.ss.lv/gallery/7/1316/328999/65799614.th2.jpg
/msg/lv/transport/cars/opel/kadet/dgogc.html,https://i.ss.lv/gallery/6/1166/291392/58278242.th2.jpg
/msg/lv/transport/cars/toyota/avensis/bjlxol.html,https://i.ss.lv/gallery/7/1307/326749/65349736.th2.jpg
/msg/lv/transport/cars/bmw/x5/cdgldb.html,https://i.ss.lv/gallery/7/1308/326821/65364196.th2.jpg
/msg/lv/transport/cars/chrysler/town-country/cegco.html,https://i.ss.lv/gallery/7/1262/315335/63066993.th2.jpg
/msg/lv/transport/cars/subaru/forester/cfhbek.html,https://i.ss.lv/gallery/7/1280/319951/63990186.th2.jpg
/msg/lv/transport/cars/bmw/x5/ahnng.html,https://i.ss.lv/gallery/7/1310/327420/65483965.th2.jpg
/msg/lv/transport/cars/volkswagen/golf-sportsvan/cxocgo.html,https://i.ss.lv/gallery/7/1316/328809/65761701.th2.jpg
/msg/lv/transport/cars/toyota/aygo/bnkgex.html,https://i.ss.lv/gallery/7/1318/329499/65899708.th2.jpg
/msg/lv/transport/cars/mercedes/vito/dobxg.html,https://i.ss.lv/gallery/7/1263/315606/63121048.th2.jpg
/msg/lv/transport/cars/bmw/x5/ccmhfl.html,https://i.ss.lv/gallery/7/1318/329282/65856342.th2.jpg
/msg/lv/transport/cars/bmw/x3/ccfmbl.html,https://i.ss.lv/gallery/7/1318/329499/65899617.th2.jpg
/msg/lv/transport/cars/bmw/x5/cddpge.html,https://i.ss.lv/gallery/7/1312/327818/65563501.th2.jpg
/msg/lv/transport/cars/opel/crossland-x/cbpcgc.html,https://i.ss.lv/gallery/7/1206/301283/60256440.th2.jpg
/msg/lv/transport/cars/mercedes/viano/lexkc.html,https://i.ss.lv/gallery/7/1315/328692/65738368.th2.jpg
/msg/lv/transport/cars/mitsubishi/pajero/blxoj.html,https://i.ss.lv/gallery/7/1284/320889/64177674.th2.jpg
/msg/lv/transport/cars/mercedes/viano/ehfco.html,https://i.ss.lv/gallery/7/1313/328206/65641119.th2.jpg
/msg/lv/transport/cars/hyundai/santa-fe/bpglmh.html,https://i.ss.lv/gallery/7/1300/324798/64959462.th2.jpg
/msg/lv/transport/cars/audi/q7/cbhenf.html,https://i.ss.lv/gallery/7/1300/324846/64969097.th2.jpg
/msg/lv/transport/cars/renault/clio/bbnhbe.html,https://i.ss.lv/gallery/7/1318/329457/65891398.th2.jpg
/msg/lv/transport/cars/chrysler/300c/cfingk.html,https://i.ss.lv/gallery/7/1289/322125/64424807.th2.jpg
/msg/lv/transport/cars/audi/q8/ccgnjb.html,https://i.ss.lv/gallery/7/1318/329498/65899579.th2.jpg
/msg/lv/transport/cars/audi/a4/bjfood.html,https://i.ss.lv/gallery/7/1308/326990/65397841.th2.jpg
/msg/lv/transport/cars/mercedes/e220/biojlo.html,https://i.ss.lv/gallery/7/1313/328059/65611782.th2.jpg
/msg/lv/transport/cars/bmw/x6/biejjb.html,https://i.ss.lv/gallery/6/1067/266731/53346186.th2.jpg
/msg/lv/transport/cars/volvo/xc90/ahhox.html,https://i.ss.lv/gallery/7/1318/329279/65855788.th2.jpg
/msg/lv/transport/cars/opel/crossland-x/cbmdni.html,https://i.ss.lv/gallery/7/1210/302367/60473224.th2.jpg
/msg/lv/transport/cars/volkswagen/polo/bblhe.html,https://i.ss.lv/gallery/7/1274/318421/63684033.th2.jpg
/msg/lv/transport/cars/renault/megane/clkge.html,https://i.ss.lv/gallery/7/1308/326955/65390819.th2.jpg
/msg/lv/transport/cars/kia/ceed/bpemgj.html,https://i.ss.lv/gallery/7/1296/323933/64786582.th2.jpg
/msg/lv/transport/cars/peugeot/boxer/bhgxne.html,https://i.ss.lv/gallery/7/1318/329423/65884504.th2.jpg
/msg/lv/transport/cars/bmw/530/bdkgde.html,https://i.ss.lv/gallery/7/1314/328268/65653540.th2.jpg
/msg/lv/transport/cars/toyota/c-hr/ccngjd.html,https://i.ss.lv/gallery/7/1305/326123/65224476.th2.jpg
/msg/lv/transport/cars/volvo/v70/biebpd.html,https://i.ss.lv/gallery/7/1306/326253/65250475.th2.jpg
/msg/lv/transport/cars/audi/80/enmob.html,https://i.ss.lv/gallery/7/1301/325237/65047276.th2.jpg
/msg/lv/transport/cars/volvo/v70/blxnfh.html,https://i.ss.lv/gallery/6/1189/297226/59445179.th2.jpg
/msg/lv/transport/cars/subaru/legacy/dxhmo.html,https://i.ss.lv/gallery/6/1194/298376/59675197.th2.jpg
/msg/lv/transport/cars/volkswagen/polo/bkbhnk.html,https://i.ss.lv/gallery/7/1318/329498/65899476.th2.jpg
/msg/lv/transport/cars/audi/a5/cbmlho.html,https://i.ss.lv/gallery/7/1318/329498/65899425.th2.jpg
/msg/lv/transport/cars/volkswagen/caddy/bimogd.html,https://i.ss.lv/gallery/7/1310/327359/65471724.th2.jpg
/msg/lv/transport/cars/bmw/535/hjoel.html,https://i.ss.lv/gallery/7/1313/328182/65636245.th2.jpg
/msg/lv/transport/cars/mercedes/vito/emxkc.html,https://i.ss.lv/gallery/6/1156/288796/57759088.th2.jpg
/msg/lv/transport/cars/bmw/x3/cbibin.html,https://i.ss.lv/gallery/7/1304/325938/65187436.th2.jpg
/msg/lv/transport/cars/skoda/octavia/cdmdpd.html,https://i.ss.lv/gallery/7/1243/310657/62131270.th2.jpg
/msg/lv/transport/cars/opel/insignia/cemodc.html,https://i.ss.lv/gallery/7/1257/314020/62803827.th2.jpg
/msg/lv/transport/cars/mercedes/a200/cfmcnk.html,https://i.ss.lv/gallery/7/1318/329497/65899219.th2.jpg
/msg/lv/transport/cars/volvo/v70/gpopl.html,https://i.ss.lv/gallery/7/1297/324173/64834590.th2.jpg
/msg/lv/transport/cars/bmw/x1/cbinhx.html,https://i.ss.lv/gallery/7/1272/317833/63566543.th2.jpg
/msg/lv/transport/cars/bmw/318/gkngk.html,https://i.ss.lv/gallery/7/1293/323145/64628841.th2.jpg
/msg/lv/transport/cars/volvo/s60/bieonk.html,https://i.ss.lv/gallery/7/1318/329495/65898994.th2.jpg
/msg/lv/transport/cars/volkswagen/sharan/fxeoj.html,https://i.ss.lv/gallery/7/1294/323364/64672615.th2.jpg
/msg/lv/transport/cars/bmw/330/cdmokf.html,https://i.ss.lv/gallery/7/1317/329176/65835186.th2.jpg
/msg/lv/transport/cars/opel/vectra/fhfjh.html,https://i.ss.lv/gallery/7/1314/328313/65662405.th2.jpg
/msg/lv/transport/cars/ford/focusc-max/ccmifn.html,https://i.ss.lv/gallery/7/1308/326873/65374404.th2.jpg
/msg/lv/transport/cars/saab/9-5/ccckm.html,https://i.ss.lv/gallery/7/1318/329497/65899315.th2.jpg
/msg/lv/transport/cars/hyundai/tucson/cdcmce.html,https://i.ss.lv/gallery/7/1254/313344/62668705.th2.jpg
/msg/lv/transport/cars/mazda/cx-5/cblhef.html,https://i.ss.lv/gallery/7/1318/329453/65890454.th2.jpg
/msg/lv/transport/cars/audi/a6/bblhp.html,https://i.ss.lv/gallery/7/1316/328758/65751429.th2.jpg
/msg/lv/transport/cars/mazda/mazda6/dnnlh.html,https://i.ss.lv/gallery/7/1288/321780/64355857.th2.jpg
/msg/lv/transport/cars/citroen/berlingo/aodlf.html,https://i.ss.lv/gallery/7/1284/320834/64166669.th2.jpg
/msg/lv/transport/cars/audi/a3/cdjidh.html,https://i.ss.lv/gallery/7/1318/329497/65899298.th2.jpg
/msg/lv/transport/cars/ford/mondeo/dhhbo.html,https://i.ss.lv/gallery/7/1308/326825/65364853.th2.jpg
/msg/lv/transport/cars/volkswagen/passat-b5/nfddj.html,https://i.ss.lv/gallery/7/1270/317287/63457277.th2.jpg
/msg/lv/transport/cars/volkswagen/passat-b8/cxxepp.html,https://i.ss.lv/gallery/7/1318/329497/65899248.th2.jpg
/msg/lv/transport/cars/mini/cooper/poexe.html,https://i.ss.lv/gallery/7/1235/308637/61727359.th2.jpg
/msg/lv/transport/cars/bmw/320/cdhedg.html,https://i.ss.lv/gallery/7/1315/328624/65724614.th2.jpg
/msg/lv/transport/cars/nissan/qashqai/dbchj.html,https://i.ss.lv/gallery/7/1318/329492/65898334.th2.jpg
/msg/lv/transport/cars/audi/a3/cdlhin.html,https://i.ss.lv/gallery/7/1318/329496/65899178.th2.jpg
/msg/lv/transport/cars/hyundai/tucson/ccdmph.html,https://i.ss.lv/gallery/7/1287/321682/64336301.th2.jpg
/msg/lv/transport/cars/peugeot/107/jmmko.html,https://i.ss.lv/gallery/7/1318/329495/65898858.th2.jpg
/msg/lv/transport/cars/bmw/525/fngem.html,https://i.ss.lv/gallery/7/1310/327281/65456143.th2.jpg
/msg/lv/transport/cars/volvo/xc60/cfijof.html,https://i.ss.lv/gallery/7/1288/321758/64351450.th2.jpg
/msg/lv/transport/cars/citroen/jumpy/cdhfpi.html,https://i.ss.lv/gallery/7/1318/329423/65884538.th2.jpg
/msg/lv/transport/cars/volkswagen/up/blklmn.html,https://i.ss.lv/gallery/7/1309/327183/65436468.th2.jpg
/msg/lv/transport/cars/chevrolet/orlando/cflpdm.html,https://i.ss.lv/gallery/7/1309/327182/65436230.th2.jpg
/msg/lv/transport/cars/toyota/avensis/bhoplf.html,https://i.ss.lv/gallery/7/1318/329257/65851224.th2.jpg
/msg/lv/transport/cars/volvo/v70/cdkbxl.html,https://i.ss.lv/gallery/7/1318/329496/65899145.th2.jpg
/msg/lv/transport/cars/land-rover/range-rover-sport/ceicxo.html,https://i.ss.lv/gallery/7/1253/313069/62613779.th2.jpg
/msg/lv/transport/cars/volkswagen/golf-5/biicec.html,https://i.ss.lv/gallery/7/1318/329496/65899073.th2.jpg
/msg/lv/transport/cars/volvo/xc-40/ccdpfl.html,https://i.ss.lv/gallery/7/1292/322767/64553242.th2.jpg
/msg/lv/transport/cars/tesla/model-3/cfmoxh.html,https://i.ss.lv/gallery/7/1318/329496/65899080.th2.jpg
/msg/lv/transport/cars/volvo/s60/bixhpk.html,https://i.ss.lv/gallery/7/1313/328066/65613023.th2.jpg
/msg/lv/transport/cars/mercedes/sprinter/binmic.html,https://i.ss.lv/gallery/7/1318/329495/65898980.th2.jpg
/msg/lv/transport/cars/bmw/x1/bhbbbm.html,https://i.ss.lv/gallery/7/1300/324888/64977451.th2.jpg
/msg/lv/transport/cars/bmw/x5/cdnpik.html,https://i.ss.lv/gallery/7/1318/329257/65851246.th2.jpg
/msg/lv/transport/cars/volkswagen/golf-5/bibiej.html,https://i.ss.lv/gallery/7/1318/329495/65898986.th2.jpg
/msg/lv/transport/cars/mercedes/c200/bxgnbm.html,https://i.ss.lv/gallery/7/1318/329496/65899018.th2.jpg
/msg/lv/transport/cars/bmw/x5/bhonik.html,https://i.ss.lv/gallery/7/1291/322698/64539438.th2.jpg
/msg/lv/transport/cars/bmw/x5/blehll.html,https://i.ss.lv/gallery/7/1311/327640/65527941.th2.jpg
/msg/lv/transport/cars/citroen/c5-aircross/cfmmhi.html,https://i.ss.lv/gallery/7/1318/329257/65851264.th2.jpg
/msg/lv/transport/cars/hyundai/i40/cfkfbn.html,https://i.ss.lv/gallery/7/1298/324423/64884461.th2.jpg
/msg/lv/transport/cars/mercedes/b180/hmgpb.html,https://i.ss.lv/gallery/7/1318/329496/65899038.th2.jpg
/msg/lv/transport/cars/citroen/c5-aircross/cdjlhd.html,https://i.ss.lv/gallery/7/1316/328938/65787549.th2.jpg
/msg/lv/transport/cars/hyundai/ioniq/cclced.html,https://i.ss.lv/gallery/7/1204/300907/60181348.th2.jpg
/msg/lv/transport/cars/hyundai/i20/bhenoc.html,https://i.ss.lv/gallery/7/1310/327381/65476125.th2.jpg
/msg/lv/transport/cars/ford/focus/bgecp.html,https://i.ss.lv/gallery/7/1298/324313/64862504.th2.jpg
/msg/lv/transport/cars/bmw/320/cdbxjc.html,https://i.ss.lv/gallery/7/1310/327414/65482696.th2.jpg
/msg/lv/transport/cars/bmw/320/ccljfx.html,https://i.ss.lv/gallery/7/1311/327525/65504975.th2.jpg
/msg/lv/transport/cars/opel/mokka/cbnjel.html,https://i.ss.lv/gallery/7/1296/323825/64764894.th2.jpg
/msg/lv/transport/cars/nissan/note/ihdxj.html,https://i.ss.lv/gallery/7/1298/324267/64853373.th2.jpg
/msg/lv/transport/cars/volvo/xc90/cdojjb.html,https://i.ss.lv/gallery/7/1318/329495/65898944.th2.jpg
/msg/lv/transport/cars/bmw/320/bijjkd.html,https://i.ss.lv/gallery/7/1315/328653/65730531.th2.jpg
/msg/lv/transport/cars/bmw/320/biddmc.html,https://i.ss.lv/gallery/7/1298/324258/64851408.th2.jpg
/msg/lv/transport/cars/bmw/x3/cdxdfx.html,https://i.ss.lv/gallery/7/1310/327414/65482758.th2.jpg
/msg/lv/transport/cars/peugeot/5008/cehkjx.html,https://i.ss.lv/gallery/7/1297/324067/64813378.th2.jpg
/msg/lv/transport/cars/volvo/v40/bkglod.html,https://i.ss.lv/gallery/7/1299/324575/64914894.th2.jpg
/msg/lv/transport/cars/bmw/x3/cdjbdf.html,https://i.ss.lv/gallery/7/1314/328334/65666744.th2.jpg
/msg/lv/transport/cars/toyota/rav-4/bixmje.html,https://i.ss.lv/gallery/7/1256/313768/62753423.th2.jpg
/msg/lv/transport/cars/audi/q5/ccmeng.html,https://i.ss.lv/gallery/7/1302/325343/65068460.th2.jpg
/msg/lv/transport/cars/skoda/octavia/cckide.html,https://i.ss.lv/gallery/7/1302/325500/65099910.th2.jpg
/msg/lv/transport/cars/volkswagen/golf-4/bxmcnd.html,https://i.ss.lv/gallery/7/1299/324504/64900647.th2.jpg
/msg/lv/transport/cars/renault/master/blbpcp.html,https://i.ss.lv/gallery/7/1318/329495/65898927.th2.jpg
/msg/lv/transport/cars/peugeot/307/pjekl.html,https://i.ss.lv/gallery/7/1300/324768/64953600.th2.jpg
/msg/lv/transport/cars/volvo/v50/cxxmkx.html,https://i.ss.lv/gallery/7/1318/329495/65898877.th2.jpg
/msg/lv/transport/cars/bmw/320/cdmxhj.html,https://i.ss.lv/gallery/7/1318/329493/65898452.th2.jpg
/msg/lv/transport/cars/opel/astra/bbmdkg.html,https://i.ss.lv/gallery/7/1318/329494/65898601.th2.jpg
/msg/lv/transport/cars/skoda/octavia/cexmlg.html,https://i.ss.lv/gallery/7/1317/329165/65832934.th2.jpg
/msg/lv/transport/cars/skoda/octavia/ccjipk.html,https://i.ss.lv/gallery/7/1314/328387/65677385.th2.jpg
/msg/lv/transport/cars/subaru/solterra/cfmcpj.html,https://i.ss.lv/gallery/6/1168/291937/58387395.th2.jpg
/msg/lv/transport/cars/skoda/octavia/ccilmb.html,https://i.ss.lv/gallery/7/1314/328334/65666773.th2.jpg
/msg/lv/transport/cars/lexus/rx/cchxb.html,https://i.ss.lv/gallery/7/1302/325394/65078695.th2.jpg
/msg/lv/transport/cars/bmw/318/hheoc.html,https://i.ss.lv/gallery/7/1303/325680/65135873.th2.jpg
/msg/lv/transport/cars/lexus/rx/ceccgh.html,https://i.ss.lv/gallery/7/1248/311962/62392393.th2.jpg
/msg/lv/transport/cars/opel/insignia/ccoffp.html,https://i.ss.lv/gallery/7/1302/325486/65097063.th2.jpg
/msg/lv/transport/cars/opel/insignia/cdbbdn.html,https://i.ss.lv/gallery/7/1315/328749/65749727.th2.jpg
/msg/lv/transport/cars/volvo/v50/apopl.html,https://i.ss.lv/gallery/7/1285/321079/64215650.th2.jpg
/msg/lv/transport/cars/opel/insignia/ccmxck.html,https://i.ss.lv/gallery/7/1305/326138/65227442.th2.jpg
/msg/lv/transport/cars/opel/insignia/cdgfkf.html,https://i.ss.lv/gallery/7/1314/328334/65666791.th2.jpg
/msg/lv/transport/cars/subaru/outback/edecp.html,https://i.ss.lv/gallery/6/1127/281625/56324915.th2.jpg
/msg/lv/transport/cars/opel/insignia/cbpkhc.html,https://i.ss.lv/gallery/7/1286/321394/64278785.th2.jpg
/msg/lv/transport/cars/volvo/xc70/cddxeh.html,https://i.ss.lv/gallery/7/1315/328579/65715671.th2.jpg
/msg/lv/transport/cars/opel/insignia/ccjchl.html,https://i.ss.lv/gallery/7/1298/324369/64873687.th2.jpg
/msg/lv/transport/cars/audi/a6/flejm.html,https://i.ss.lv/gallery/7/1298/324373/64874497.th2.jpg
/msg/lv/transport/cars/volvo/xc90/bibhpj.html,https://i.ss.lv/gallery/7/1303/325616/65123056.th2.jpg
/msg/lv/transport/cars/honda/cr-v/cdolxg.html,https://i.ss.lv/gallery/6/1196/298984/59796650.th2.jpg
/msg/lv/transport/cars/volvo/xc90/ccgnjx.html,https://i.ss.lv/gallery/7/1293/323028/64605551.th2.jpg
/msg/lv/transport/cars/bmw/120/bcnimo.html,https://i.ss.lv/gallery/7/1318/329494/65898788.th2.jpg
/msg/lv/transport/cars/land-rover/discovery/afxei.html,https://i.ss.lv/gallery/7/1316/328946/65789197.th2.jpg
/msg/lv/transport/cars/volkswagen/amarok/cbmcnh.html,https://i.ss.lv/gallery/7/1308/326933/65386493.th2.jpg
/msg/lv/transport/cars/toyota/land-cruiser/bhlnn.html,https://i.ss.lv/gallery/7/1316/328960/65791875.th2.jpg
/msg/lv/transport/cars/volvo/xc90/bpekeo.html,https://i.ss.lv/gallery/7/1297/324119/64823715.th2.jpg
/msg/lv/transport/cars/volkswagen/tiguan/bjekgd.html,https://i.ss.lv/gallery/7/1318/329495/65898813.th2.jpg
/msg/lv/transport/cars/bmw/530/bejfgf.html,https://i.ss.lv/gallery/7/1266/316305/63260918.th2.jpg
/msg/lv/transport/cars/subaru/xv/cfjcbl.html,https://i.ss.lv/gallery/7/1291/322657/64531244.th2.jpg
/msg/lv/transport/cars/mercedes/ml350/cckhll.html,https://i.ss.lv/gallery/7/1303/325616/65123033.th2.jpg
/msg/lv/transport/cars/mercedes/ml350/bckfjx.html,https://i.ss.lv/gallery/7/1314/328335/65666834.th2.jpg
/msg/lv/transport/cars/audi/a6/bkkeem.html,https://i.ss.lv/gallery/7/1310/327414/65482665.th2.jpg
/msg/lv/transport/cars/bmw/535/cfcokd.html,https://i.ss.lv/gallery/7/1266/316407/63281325.th2.jpg
/msg/lv/transport/cars/electric-cars/cchmkp.html,https://i.ss.lv/gallery/6/1161/290170/58033936.th2.jpg
/msg/lv/transport/cars/audi/a6/bdxbig.html,https://i.ss.lv/gallery/7/1307/326616/65323179.th2.jpg
/msg/lv/transport/cars/volkswagen/caddy/bjcxjn.html,https://i.ss.lv/gallery/7/1318/329489/65897695.th2.jpg
/msg/lv/transport/cars/mercedes/c180/ejgog.html,https://i.ss.lv/gallery/7/1280/319808/63961589.th2.jpg
/msg/lv/transport/cars/volkswagen/passat-b6/blcbil.html,https://i.ss.lv/gallery/7/1318/329307/65861296.th2.jpg
/msg/lv/transport/cars/audi/q7/bdbjjn.html,https://i.ss.lv/gallery/7/1318/329494/65898761.th2.jpg
/msg/lv/transport/cars/opel/meriva/bnilfo.html,https://i.ss.lv/gallery/7/1211/302541/60508063.th2.jpg
/msg/lv/transport/cars/audi/a6/cfkxeg.html,https://i.ss.lv/gallery/7/1296/323801/64760169.th2.jpg
/msg/lv/transport/cars/audi/a5/cbpieh.html,https://i.ss.lv/gallery/7/1318/329484/65896783.th2.jpg
/msg/lv/transport/cars/volkswagen/passat-cc/bpnpid.html,https://i.ss.lv/gallery/7/1311/327525/65504950.th2.jpg
/msg/lv/transport/cars/volkswagen/passat-cc/nbmcx.html,https://i.ss.lv/gallery/7/1309/327182/65436206.th2.jpg
/msg/lv/transport/cars/peugeot/508/ccoflp.html,https://i.ss.lv/gallery/7/1310/327466/65493148.th2.jpg
/msg/lv/transport/cars/audi/a5/bpcxfj.html,https://i.ss.lv/gallery/7/1304/325973/65194508.th2.jpg
/msg/lv/transport/cars/porsche/cayenne/bdxgpn.html,https://i.ss.lv/gallery/7/1295/323634/64726709.th2.jpg
/msg/lv/transport/cars/audi/a3/bkihpf.html,https://i.ss.lv/gallery/7/1294/323395/64678839.th2.jpg
/msg/lv/transport/cars/skoda/octavia/apnim.html,https://i.ss.lv/gallery/7/1314/328387/65677299.th2.jpg
/msg/lv/transport/cars/renault/kangoo/cmhbj.html,https://i.ss.lv/gallery/7/1302/325394/65078674.th2.jpg
/msg/lv/transport/cars/tesla/model-3/cfmoxb.html,https://i.ss.lv/gallery/7/1318/329494/65898698.th2.jpg
/msg/lv/transport/cars/nissan/qashqai/bfxpik.html,https://i.ss.lv/gallery/7/1318/329494/65898723.th2.jpg
/msg/lv/transport/cars/bmw/525/egcfj.html,https://i.ss.lv/gallery/7/1302/325286/65057096.th2.jpg
/msg/lv/transport/cars/bmw/525/hbixk.html,https://i.ss.lv/gallery/7/1314/328388/65677421.th2.jpg
/msg/lv/transport/cars/subaru/outback/bkhlif.html,https://i.ss.lv/gallery/7/1281/320070/64013856.th2.jpg
/msg/lv/transport/cars/volvo/c70/dehin.html,https://i.ss.lv/gallery/7/1289/322015/64402994.th2.jpg
/msg/lv/transport/cars/honda/cr-v/cdbekd.html,https://i.ss.lv/gallery/7/1318/329494/65898638.th2.jpg
/msg/lv/transport/cars/honda/fr-v/dedgl.html,https://i.ss.lv/gallery/7/1318/329318/65863508.th2.jpg
/msg/lv/transport/cars/volkswagen/caravelle/aeplf.html,https://i.ss.lv/gallery/7/1309/327246/65449154.th2.jpg
/msg/lv/transport/cars/volvo/xc60/cbpccl.html,https://i.ss.lv/gallery/7/1313/328167/65633396.th2.jpg
/msg/lv/transport/cars/ford/s-max/cxhhod.html,https://i.ss.lv/gallery/7/1316/328842/65768247.th2.jpg
/msg/lv/transport/cars/volvo/xc60/cdmxim.html,https://i.ss.lv/gallery/7/1297/324025/64804827.th2.jpg
/msg/lv/transport/cars/bmw/530/ejpfl.html,https://i.ss.lv/gallery/7/1302/325381/65076185.th2.jpg
/msg/lv/transport/cars/bmw/520/bkjmid.html,https://i.ss.lv/gallery/7/1316/328842/65768267.th2.jpg
/msg/lv/transport/cars/nissan/navara/bihcok.html,https://i.ss.lv/gallery/7/1221/305209/61041769.th2.jpg
/msg/lv/transport/cars/audi/a4/bknjee.html,https://i.ss.lv/gallery/7/1316/328842/65768290.th2.jpg
/msg/lv/transport/cars/volvo/xc70/cckjij.html,https://i.ss.lv/gallery/7/1318/329493/65898550.th2.jpg
/msg/lv/transport/cars/subaru/crosstrek/cbhbix.html,https://i.ss.lv/gallery/7/1281/320073/64014584.th2.jpg
/msg/lv/transport/cars/nissan/juke/bfpnjj.html,https://i.ss.lv/gallery/7/1297/324098/64819593.th2.jpg
/msg/lv/transport/cars/skoda/scala/cbiclb.html,https://i.ss.lv/gallery/7/1289/322050/64409881.th2.jpg
/msg/lv/transport/cars/bmw/320/gdeox.html,https://i.ss.lv/gallery/7/1318/329493/65898494.th2.jpg
/msg/lv/transport/cars/nissan/juke/ccdohh.html,https://i.ss.lv/gallery/7/1292/322760/64551919.th2.jpg
/msg/lv/transport/cars/subaru/xv/ccxdbc.html,https://i.ss.lv/gallery/7/1286/321347/64269208.th2.jpg
/msg/lv/transport/cars/peugeot/508/cxoebx.html,https://i.ss.lv/gallery/7/1304/325786/65157089.th2.jpg
/msg/lv/transport/cars/volkswagen/touareg/bjpipb.html,https://i.ss.lv/gallery/7/1318/329493/65898505.th2.jpg
/msg/lv/transport/cars/nissan/juke/ccfjge.html,https://i.ss.lv/gallery/7/1300/324770/64953964.th2.jpg
/msg/lv/transport/cars/audi/a4/bxejmo.html,https://i.ss.lv/gallery/7/1318/329490/65897943.th2.jpg
/msg/lv/transport/cars/bmw/330/cecfgf.html,https://i.ss.lv/gallery/7/1318/329493/65898562.th2.jpg
/msg/lv/transport/cars/bmw/120/bnxkex.html,https://i.ss.lv/gallery/7/1318/329493/65898489.th2.jpg
/msg/lv/transport/cars/audi/a4/akcmk.html,https://i.ss.lv/gallery/7/1284/320895/64178962.th2.jpg
/msg/lv/transport/cars/bmw/530/bhlfnh.html,https://i.ss.lv/gallery/7/1316/328842/65768312.th2.jpg
/msg/lv/transport/cars/skoda/kodiaq/cffpmp.html,https://i.ss.lv/gallery/7/1294/323378/64675588.th2.jpg
/msg/lv/transport/cars/bmw/530/gobcg.html,https://i.ss.lv/gallery/7/1312/327796/65559186.th2.jpg
/msg/lv/transport/cars/bmw/530/binond.html,https://i.ss.lv/gallery/7/1289/322209/64441783.th2.jpg
/msg/lv/transport/cars/volkswagen/touareg/ccpiho.html,https://i.ss.lv/gallery/7/1310/327437/65487325.th2.jpg
/msg/lv/transport/cars/ford/fiesta/beofkd.html,https://i.ss.lv/gallery/7/1315/328749/65749763.th2.jpg
/msg/lv/transport/cars/mercedes/e200/cdeibg.html,https://i.ss.lv/gallery/7/1315/328749/65749779.th2.jpg
/msg/lv/transport/cars/audi/q5/cdhccx.html,https://i.ss.lv/gallery/7/1315/328749/65749799.th2.jpg
/msg/lv/transport/cars/mercedes/a180/cfhbkb.html,https://i.ss.lv/gallery/7/1280/319965/63992903.th2.jpg
/msg/lv/transport/cars/audi/q5/ccjkfo.html,https://i.ss.lv/gallery/7/1306/326382/65276229.th2.jpg
/msg/lv/transport/cars/audi/q7/cdeddm.html,https://i.ss.lv/gallery/7/1315/328750/65749822.th2.jpg
/msg/lv/transport/cars/audi/q7/ccnplg.html,https://i.ss.lv/gallery/7/1315/328667/65733356.th2.jpg
/msg/lv/transport/cars/bmw/730/dhpgo.html,https://i.ss.lv/gallery/7/1309/327182/65436309.th2.jpg
/msg/lv/transport/cars/nissan/juke/bpdxgg.html,https://i.ss.lv/gallery/7/1280/319936/63987131.th2.jpg
/msg/lv/transport/cars/skoda/octavia/cbookc.html,https://i.ss.lv/gallery/7/1293/323119/64623793.th2.jpg
/msg/lv/transport/cars/bmw/730/bcjfn.html,https://i.ss.lv/gallery/7/1305/326189/65237671.th2.jpg
/msg/lv/transport/cars/bmw/730/ennfc.html,https://i.ss.lv/gallery/7/1297/324232/64846343.th2.jpg
/msg/lv/transport/cars/lancia/voyager/bfoknj.html,https://i.ss.lv/gallery/7/1307/326707/65341295.th2.jpg
/msg/lv/transport/cars/bmw/x6/cchell.html,https://i.ss.lv/gallery/7/1300/324789/64957637.th2.jpg
/msg/lv/transport/cars/volkswagen/passat-alltrack/cbjogl.html,https://i.ss.lv/gallery/7/1315/328653/65730600.th2.jpg
/msg/lv/transport/cars/mercedes/e220/bkdkgo.html,https://i.ss.lv/gallery/7/1315/328653/65730551.th2.jpg
/msg/lv/transport/cars/mazda/cx-3/cbcdeg.html,https://i.ss.lv/gallery/7/1318/329491/65898090.th2.jpg
/msg/lv/transport/cars/skoda/octavia/cebxkb.html,https://i.ss.lv/gallery/7/1318/329493/65898427.th2.jpg
/msg/lv/transport/cars/bmw/316/gxpdn.html,https://i.ss.lv/gallery/7/1301/325037/65007228.th2.jpg
/msg/lv/transport/cars/bmw/316/fmlpm.html,https://i.ss.lv/gallery/7/1314/328388/65677465.th2.jpg
/msg/lv/transport/cars/nissan/juke/cxhfog.html,https://i.ss.lv/gallery/7/1289/322202/64440217.th2.jpg
/msg/lv/transport/cars/opel/zafira/bdgfie.html,https://i.ss.lv/gallery/7/1272/317887/63577282.th2.jpg
/msg/lv/transport/cars/opel/meriva/cdxbpd.html,https://i.ss.lv/gallery/7/1308/326969/65393800.th2.jpg
/msg/lv/transport/cars/volkswagen/tiguan/cdpxbd.html,https://i.ss.lv/gallery/7/1246/311307/62261233.th2.jpg
/msg/lv/transport/cars/bmw/120/bheixg.html,https://i.ss.lv/gallery/7/1314/328392/65678364.th2.jpg
/msg/lv/transport/cars/ford/focusc-max/bkxogp.html,https://i.ss.lv/gallery/7/1305/326149/65229613.th2.jpg
/msg/lv/transport/cars/lexus/rx/bmpdgo.html,https://i.ss.lv/gallery/7/1314/328298/65659440.th2.jpg
/msg/lv/transport/cars/citroen/berlingo/bkciix.html,https://i.ss.lv/gallery/7/1314/328335/65666816.th2.jpg
